{"angry": {"precision": 0.4010152284263959, "recall": 0.40932642487046633, "f1-score": 0.40512820512820513, "support": 193.0}, "disgust": {"precision": 0.2777777777777778, "recall": 0.19230769230769232, "f1-score": 0.22727272727272727, "support": 26.0}, "fear": {"precision": 0.3588235294117647, "recall": 0.28110599078341014, "f1-score": 0.3152454780361757, "support": 217.0}, "happy": {"precision": 0.6616915422885572, "recall": 0.7535410764872521, "f1-score": 0.704635761589404, "support": 353.0}, "neutral": {"precision": 0.4413145539906103, "recall": 0.4017094017094017, "f1-score": 0.42058165548098436, "support": 234.0}, "sad": {"precision": 0.35563380281690143, "recall": 0.38549618320610685, "f1-score": 0.36996336996337, "support": 262.0}, "surprise": {"precision": 0.631578947368421, "recall": 0.6357615894039735, "f1-score": 0.6336633663366337, "support": 151.0}, "accuracy": 0.48885793871866295, "macro avg": {"precision": 0.44683362601148985, "recall": 0.43703547982404334, "f1-score": 0.43949865197250004, "support": 1436.0}, "weighted avg": {"precision": 0.47901954362339333, "recall": 0.48885793871866295, "f1-score": 0.48208440508602307, "support": 1436.0}}