{"accuracy": 0.4888579249382019, "loss": 1.3948639631271362}