{"accuracy": [0.2443399578332901, 0.2560083568096161, 0.3288052976131439, 0.3819226622581482, 0.41327065229415894, 0.4526297450065613, 0.4853709638118744, 0.5156739950180054, 0.5451062321662903, 0.5804597735404968, 0.6271334290504456, 0.6645768284797668, 0.6917450428009033, 0.7368512749671936, 0.7739463448524475, 0.7990247011184692, 0.8218390941619873, 0.8479623794555664, 0.8624172806739807, 0.8711250424385071, 0.8824451565742493], "loss": [1.8243303298950195, 1.7806313037872314, 1.6801563501358032, 1.5867230892181396, 1.50123131275177, 1.4273520708084106, 1.3473317623138428, 1.2702373266220093, 1.1835405826568604, 1.1099361181259155, 1.0012167692184448, 0.9146658182144165, 0.8310034275054932, 0.7113742232322693, 0.628585696220398, 0.5574524402618408, 0.484284907579422, 0.4315060079097748, 0.379046231508255, 0.3567008972167969, 0.3255469501018524], "val_accuracy": [0.24930362403392792, 0.291086345911026, 0.3697771728038788, 0.3927576541900635, 0.405988872051239, 0.4254874587059021, 0.4394150376319885, 0.4665738046169281, 0.4630919098854065, 0.4735375940799713, 0.4888579249382019, 0.4784122705459595, 0.49721449613571167, 0.47144848108291626, 0.4965181052684784, 0.488161563873291, 0.48746517300605774, 0.515320360660553, 0.5083565711975098, 0.49791085720062256, 0.5055710077285767], "val_loss": [1.8160244226455688, 1.7446411848068237, 1.6287950277328491, 1.5615390539169312, 1.5415129661560059, 1.4680112600326538, 1.4492284059524536, 1.4014159440994263, 1.5267677307128906, 1.4153555631637573, 1.3948639631271362, 1.4639941453933716, 1.4957332611083984, 1.5758308172225952, 1.5831232070922852, 1.781598687171936, 1.7376261949539185, 1.762319564819336, 1.8121337890625, 1.8655550479888916, 1.9410022497177124]}